{
  "__version__": "1.0.0",
  "current-scene": "33c84a88-52e5-429b-ae90-0ee71e78332b",
  "gizmos-infos": {
    "is2D": false,
    "is3DIcon": false,
    "iconSize": 2,
    "gridVisible": true,
    "gridColor": [
      150,
      150,
      150,
      255
    ],
    "isIconGizmo3D": false,
    "iconGizmoSize": 2,
    "isGridVisible": true
  },
  "camera-infos": {
    "f46876e4-e81b-4931-b493-6d367be385e7": {
      "position": {
        "x": 50,
        "y": 50,
        "z": 50
      },
      "rotation": {
        "x": -0.27984814233312133,
        "y": 0.3647051996310009,
        "z": 0.11591689595929514,
        "w": 0.8804762392171493
      },
      "viewCenter": {
        "x": 0,
        "y": 0,
        "z": 0
      }
    },
    "80ee54a8-3fbd-478b-9f2c-e72e714b6a97": {
      "position": {
        "x": 41.123297424186816,
        "y": 43.16800953322309,
        "z": 38.95735047132714
      },
      "rotation": {
        "x": -0.20914562129538622,
        "y": 0.32382895430407255,
        "z": 0.07363542239468135,
        "w": 0.9197666780309313
      },
      "viewCenter": {
        "x": -7.797881010673507,
        "y": 5.719260187205478,
        "z": -21.905688172530475
      }
    },
    "2c26bd24-9281-43ba-b3b5-343a8cf4868e": {
      "position": {
        "x": 6.56091782467017,
        "y": 105.76647178157144,
        "z": 230.99475462055273
      },
      "rotation": {
        "x": -0.14120876969338825,
        "y": -0.002464258869308199,
        "z": -0.0003514978829306341,
        "w": 0.9899767103664546
      },
      "viewCenter": {
        "x": 7.834207989321048,
        "y": 31.287687967946844,
        "z": -24.76566798683399
      }
    },
    "d4355f52-492a-4972-94ab-1db26c9d1064": {
      "position": {
        "x": 4.590331820664709,
        "y": 5.138664135064307,
        "z": 14.370051592384112
      },
      "rotation": {
        "x": -0.0474323877902495,
        "y": 0.15203318403141852,
        "z": 0.007304727603067784,
        "w": 0.9872095626038218
      },
      "viewCenter": {
        "x": -5.061905784307173,
        "y": 2.0487372108983766,
        "z": -16.224545539927956
      }
    },
    "06821728-3953-466a-85e1-b1cf6d2a977a": {
      "position": {
        "x": 35.539601431458195,
        "y": 35.539601431458166,
        "z": 35.53960143145823
      },
      "rotation": {
        "x": -0.27984814233312133,
        "y": 0.3647051996310009,
        "z": 0.11591689595929514,
        "w": 0.8804762392171493
      },
      "viewCenter": {
        "x": 0,
        "y": 0,
        "z": 0
      }
    },
    "b275f280-284c-4ef8-9dd2-a67587c182de": {
      "position": {
        "x": 1.6045036224755904,
        "y": 8.399593265095248,
        "z": 7.3155743199792695
      },
      "rotation": {
        "x": -0.0928048673033122,
        "y": 0.1734561955705673,
        "z": 0.016420711489664935,
        "w": 0.9803216640762219
      },
      "viewCenter": {
        "x": -7.555105924174107,
        "y": 3.299764657851826,
        "z": -17.757747712957922
      }
    },
    "38bfb71a-b541-44b8-80b9-5d44a5900c9b": {
      "position": {
        "x": 50,
        "y": 50,
        "z": 50
      },
      "rotation": {
        "x": -0.27984814233312133,
        "y": 0.3647051996310009,
        "z": 0.11591689595929514,
        "w": 0.8804762392171493
      },
      "viewCenter": {
        "x": 0,
        "y": 0,
        "z": 0
      }
    },
    "d63e64d3-7a67-4ac5-a3f7-a5faa02dbf39": {
      "position": {
        "x": 50,
        "y": 50,
        "z": 50
      },
      "rotation": {
        "x": -0.27984814233312133,
        "y": 0.3647051996310009,
        "z": 0.11591689595929514,
        "w": 0.8804762392171493
      },
      "viewCenter": {
        "x": 0,
        "y": 0,
        "z": 0
      }
    },
    "3b133916-fd95-4f21-b18a-a7891b6ecd5f": {
      "position": {
        "x": 50,
        "y": 50,
        "z": 50
      },
      "rotation": {
        "x": -0.27984814233312133,
        "y": 0.3647051996310009,
        "z": 0.11591689595929514,
        "w": 0.8804762392171493
      },
      "viewCenter": {
        "x": 0,
        "y": 0,
        "z": 0
      }
    },
    "555d1dbe-95f0-43b6-810d-f2e31a202160": {
      "position": {
        "x": 50,
        "y": 50,
        "z": 50
      },
      "rotation": {
        "x": -0.27984814233312133,
        "y": 0.3647051996310009,
        "z": 0.11591689595929514,
        "w": 0.8804762392171493
      },
      "viewCenter": {
        "x": 0,
        "y": 0,
        "z": 0
      }
    },
    "fa5e3805-88eb-42ed-93cc-b442b29414de": {
      "position": {
        "x": 9.032089698682057,
        "y": 0.6097613671593086,
        "z": 0.051010473281748604
      },
      "rotation": {
        "x": -0.020916206898274996,
        "y": 0.6945141936654204,
        "z": 0.020206962096416262,
        "w": 0.7188909693194743
      },
      "viewCenter": {
        "x": -12.168103659807205,
        "y": -0.6256621962312047,
        "z": -0.6804798853595763
      }
    },
    "fda6b872-400b-4c0f-a045-4dfd781574fd": {
      "position": {
        "x": 7.50473176484995,
        "y": 7.504731764849964,
        "z": 7.504731764849964
      },
      "rotation": {
        "x": -0.27984814233312133,
        "y": 0.3647051996310009,
        "z": 0.11591689595929514,
        "w": 0.8804762392171493
      },
      "viewCenter": {
        "x": 0,
        "y": 0,
        "z": 0
      }
    },
    "d62773cc-1f5a-435f-9183-f85b26fdce88": {
      "position": {
        "x": 26.572049999999997,
        "y": 26.57205,
        "z": 26.572050000000008
      },
      "rotation": {
        "x": -0.3007864028089613,
        "y": 0.24576996457396744,
        "z": 0.0805315658359991,
        "w": 0.9179538829933442
      },
      "viewCenter": {
        "x": 8.035119193319161,
        "y": -0.6650628144933535,
        "z": -5.564275325189076
      }
    },
    "5f9212dc-78a3-4a2f-a0f8-8a3721009bab": {
      "position": {
        "x": 10.51043498349918,
        "y": 9.350148001008893,
        "z": 6.910966743063909
      },
      "rotation": {
        "x": -0.12594973056299888,
        "y": 0.39562997652177323,
        "z": 0.054873682563077036,
        "w": 0.9080762445466825
      },
      "viewCenter": {
        "x": -9.323432947032495,
        "y": 1.6900981989748303,
        "z": -11.53043753726612
      }
    },
    "74814607-b116-412c-84ef-7db73310ebe5": {
      "position": {
        "x": 50,
        "y": 50,
        "z": 50
      },
      "rotation": {
        "x": -0.27984814233312133,
        "y": 0.3647051996310009,
        "z": 0.11591689595929514,
        "w": 0.8804762392171493
      },
      "viewCenter": {
        "x": 0,
        "y": 0,
        "z": 0
      }
    },
    "818e1e30-0df0-4e7c-bd92-372b55e09985": {
      "position": {
        "x": 134.30763713634659,
        "y": 134.30763713634659,
        "z": 134.30763713634656
      },
      "rotation": {
        "x": -0.27984814233312133,
        "y": 0.3647051996310009,
        "z": 0.11591689595929514,
        "w": 0.8804762392171493
      },
      "viewCenter": {
        "x": 0,
        "y": 0,
        "z": 0
      }
    },
    "26e66d82-0804-406a-abf0-e56d5a495d03": {
      "position": {
        "x": 4.431469059826242,
        "y": 4.431469059826242,
        "z": 4.43146905982627
      },
      "rotation": {
        "x": -0.27984814233312133,
        "y": 0.3647051996310009,
        "z": 0.11591689595929514,
        "w": 0.8804762392171493
      },
      "viewCenter": {
        "x": 0,
        "y": 0,
        "z": 0
      }
    },
    "a040655b-5a12-4925-8183-77f257306eb9": {
      "position": {
        "x": 8.880120111007004,
        "y": 28.886087281574206,
        "z": 16.953264655832328
      },
      "rotation": {
        "x": 0.12718755721180106,
        "y": 0.1740153253675309,
        "z": -0.022671449511726727,
        "w": 0.9762315284638834
      },
      "viewCenter": {
        "x": -20.044387192373,
        "y": 51.07533527856861,